scenario,portfolio_pv,delta_pv
BASE,-4412315.990463419,0.0
PARALLEL_UP_25BP,-4001650.9300541496,410665.0604092693
PARALLEL_DN_25BP,-4932262.457137075,-519946.46667365637
STEEPENER_25BP,-3953709.1194529133,458606.8710105056
FLATTENER_25BP,-4918190.536317907,-505874.5458544884
